{
"FIELD_PROPERTIES" : {
"POROSITY" : 0.4419180634562935, 
"X_MID_PERMEABILITY" : 0.525184542226328
}
}