{
"FIELD_PROPERTIES" : {
"POROSITY" : 0.45432379556431246, 
"X_MID_PERMEABILITY" : 0.30902540092154673
}
}