{
"FIELD_PROPERTIES" : {
"POROSITY" : 0.4709846302183822, 
"X_MID_PERMEABILITY" : 0.5610718262922064
}
}