{
"FIELD_PROPERTIES" : {
"POROSITY" : 0.34008859748042825, 
"X_MID_PERMEABILITY" : 0.6628550084927647
}
}