{
"FIELD_PROPERTIES" : {
"POROSITY" : 0.4479445792314867, 
"X_MID_PERMEABILITY" : 0.683996370763209
}
}