{
"FIELD_PROPERTIES" : {
"POROSITY" : 0.47017930676821484, 
"X_MID_PERMEABILITY" : 0.3036202012740474
}
}