{
"FIELD_PROPERTIES" : {
"POROSITY" : 0.2921672246912002, 
"X_MID_PERMEABILITY" : 0.7120783707914522
}
}