{
"FIELD_PROPERTIES" : {
"POROSITY" : 0.22316155001225574, 
"X_MID_PERMEABILITY" : 0.7257060916291821
}
}