{
"FIELD_PROPERTIES" : {
"POROSITY" : 0.39994225785638127, 
"X_MID_PERMEABILITY" : 0.5366199139526541
}
}