{
"FIELD_PROPERTIES" : {
"POROSITY" : 0.320135349841667, 
"X_MID_PERMEABILITY" : 0.4502425394334598
}
}