{
"FIELD_PROPERTIES" : {
"POROSITY" : 0.2569628847180252, 
"X_MID_PERMEABILITY" : 0.4753172578984164
}
}