{
"FIELD_PROPERTIES" : {
"POROSITY" : 0.40248977412721365, 
"X_MID_PERMEABILITY" : 0.6400832933313679
}
}