{
"FIELD_PROPERTIES" : {
"POROSITY" : 0.4305918468836386, 
"X_MID_PERMEABILITY" : 0.5763489467669689
}
}