{
"FIELD_PROPERTIES" : {
"POROSITY" : 0.3591840413207992, 
"X_MID_PERMEABILITY" : 0.1851548040259249
}
}