{
"FIELD_PROPERTIES" : {
"POROSITY" : 0.36881779060904385, 
"X_MID_PERMEABILITY" : 0.6512453531993193
}
}