{
"FIELD_PROPERTIES" : {
"POROSITY" : 0.5060264636329087, 
"X_MID_PERMEABILITY" : 0.6172196208884189
}
}