{
"FIELD_PROPERTIES" : {
"POROSITY" : 0.4425746666885254, 
"X_MID_PERMEABILITY" : 0.5593438829523123
}
}