{
"FIELD_PROPERTIES" : {
"POROSITY" : 0.48659797597281607, 
"X_MID_PERMEABILITY" : 0.6730294604449022
}
}