{
"FIELD_PROPERTIES" : {
"POROSITY" : 0.41669929213362045, 
"X_MID_PERMEABILITY" : 0.3325854727071951
}
}