{
"FIELD_PROPERTIES" : {
"POROSITY" : 0.4497660486376074, 
"X_MID_PERMEABILITY" : 0.3198168547360356
}
}