{
"FIELD_PROPERTIES" : {
"POROSITY" : 0.37454566722539917, 
"X_MID_PERMEABILITY" : 0.18195556278159136
}
}