{
"FIELD_PROPERTIES" : {
"POROSITY" : 0.37846620208335635, 
"X_MID_PERMEABILITY" : 0.6498312857695652
}
}