{
"FIELD_PROPERTIES" : {
"POROSITY" : 0.4408378016254698, 
"X_MID_PERMEABILITY" : 0.5599965461523737
}
}