{
"FIELD_PROPERTIES" : {
"POROSITY" : 0.5051081675388163, 
"X_MID_PERMEABILITY" : 0.6200293239030715
}
}